{
  "baseline": {
    "config_name": "baseline",
    "mAP50": 0.6789828072844541,
    "mAP50_95": 0.6789828072844541,
    "precision": 0.7386759581881533,
    "recall": 0.7386759581881533,
    "f1": 0.7386759581881533,
    "tp_count": 212,
    "fp_count": 75,
    "fn_count": 75,
    "gflops": 0.0,
    "fps": 12.653250014118612,
    "latency_ms": 79.03107888362206,
    "handgun_mAP50": 0.7891119139890966,
    "knife_mAP50": 0.5688537005798117
  },
  "no_person_crop": {
    "config_name": "no_person_crop",
    "mAP50": 0.4648996302225168,
    "mAP50_95": 0.4648996302225168,
    "precision": 0.7978723404255319,
    "recall": 0.5226480836236934,
    "f1": 0.6315789473684211,
    "tp_count": 150,
    "fp_count": 38,
    "fn_count": 137,
    "gflops": 0.0,
    "fps": 13.530778110753854,
    "latency_ms": 73.90557969502362,
    "handgun_mAP50": 0.5247611605117217,
    "knife_mAP50": 0.40503809993331186
  },
  "no_nms": {
    "config_name": "no_nms",
    "mAP50": 0.508274664959976,
    "mAP50_95": 0.508274664959976,
    "precision": 0.4574468085106383,
    "recall": 0.7491289198606271,
    "f1": 0.5680317040951123,
    "tp_count": 215,
    "fp_count": 255,
    "fn_count": 72,
    "gflops": 0.0,
    "fps": 13.802690128522263,
    "latency_ms": 72.4496450104007,
    "handgun_mAP50": 0.6258469050013545,
    "knife_mAP50": 0.3907024249185974
  },
  "crop_scale_1.0": {
    "config_name": "crop_scale_1.0",
    "mAP50": 0.6165766653957855,
    "mAP50_95": 0.6165766653957855,
    "precision": 0.8482142857142857,
    "recall": 0.662020905923345,
    "f1": 0.7436399217221136,
    "tp_count": 190,
    "fp_count": 34,
    "fn_count": 97,
    "gflops": 0.0,
    "fps": 13.997307865775731,
    "latency_ms": 71.44230944902347,
    "handgun_mAP50": 0.7176560758226271,
    "knife_mAP50": 0.5154972549689438
  },
  "crop_scale_1.2": {
    "config_name": "crop_scale_1.2",
    "mAP50": 0.6580534554992317,
    "mAP50_95": 0.6580534554992317,
    "precision": 0.7727272727272727,
    "recall": 0.710801393728223,
    "f1": 0.7404718693284936,
    "tp_count": 204,
    "fp_count": 60,
    "fn_count": 83,
    "gflops": 0.0,
    "fps": 13.70727339877531,
    "latency_ms": 72.95396910149512,
    "handgun_mAP50": 0.7524954973789816,
    "knife_mAP50": 0.5636114136194816
  },
  "crop_scale_1.5": {
    "config_name": "crop_scale_1.5",
    "mAP50": 0.6928023093656497,
    "mAP50_95": 0.6928023093656497,
    "precision": 0.7689530685920578,
    "recall": 0.7421602787456446,
    "f1": 0.7553191489361702,
    "tp_count": 213,
    "fp_count": 64,
    "fn_count": 74,
    "gflops": 0.0,
    "fps": 13.896803426949738,
    "latency_ms": 71.95899440159914,
    "handgun_mAP50": 0.81171243908761,
    "knife_mAP50": 0.5738921796436892
  },
  "crop_scale_1.8": {
    "config_name": "crop_scale_1.8",
    "mAP50": 0.6968595856569624,
    "mAP50_95": 0.6968595856569624,
    "precision": 0.8223938223938224,
    "recall": 0.7421602787456446,
    "f1": 0.7802197802197802,
    "tp_count": 213,
    "fp_count": 46,
    "fn_count": 74,
    "gflops": 0.0,
    "fps": 13.859939331964833,
    "latency_ms": 72.15038796697507,
    "handgun_mAP50": 0.7933198546261462,
    "knife_mAP50": 0.6003993166877785
  },
  "crop_scale_2.0": {
    "config_name": "crop_scale_2.0",
    "mAP50": 0.6480419137000366,
    "mAP50_95": 0.6480419137000366,
    "precision": 0.808,
    "recall": 0.7038327526132404,
    "f1": 0.7523277467411547,
    "tp_count": 202,
    "fp_count": 48,
    "fn_count": 85,
    "gflops": 0.0,
    "fps": 13.845095761664918,
    "latency_ms": 72.22774166494798,
    "handgun_mAP50": 0.760800953789901,
    "knife_mAP50": 0.5352828736101721
  },
  "crop_scale_2.5": {
    "config_name": "crop_scale_2.5",
    "mAP50": 0.6789828072844541,
    "mAP50_95": 0.6789828072844541,
    "precision": 0.7386759581881533,
    "recall": 0.7386759581881533,
    "f1": 0.7386759581881533,
    "tp_count": 212,
    "fp_count": 75,
    "fn_count": 75,
    "gflops": 0.0,
    "fps": 13.794277992436635,
    "latency_ms": 72.49382682792802,
    "handgun_mAP50": 0.7891119139890966,
    "knife_mAP50": 0.5688537005798117
  },
  "crop_scale_3.0": {
    "config_name": "crop_scale_3.0",
    "mAP50": 0.681218244585984,
    "mAP50_95": 0.681218244585984,
    "precision": 0.7033333333333334,
    "recall": 0.735191637630662,
    "f1": 0.7189097103918228,
    "tp_count": 211,
    "fp_count": 89,
    "fn_count": 76,
    "gflops": 0.0,
    "fps": 13.622381394981188,
    "latency_ms": 73.4086039000805,
    "handgun_mAP50": 0.7530824128594504,
    "knife_mAP50": 0.6093540763125175
  }
}