{
  "no_tracking": {
    "config_name": "no_tracking",
    "use_tracker": false,
    "frame_gap": 1,
    "mAP50": 0.6789828072844541,
    "precision": 0.7386759581881533,
    "recall": 0.7386759581881533,
    "f1": 0.7386759581881533,
    "tp_count": 212,
    "fp_count": 75,
    "fn_count": 75,
    "fps": 12.934364678607174,
    "latency_ms": 77.31342240983452
  },
  "with_tracking": {
    "config_name": "with_tracking",
    "use_tracker": true,
    "frame_gap": 1,
    "mAP50": 0.6789828072844541,
    "precision": 0.7386759581881533,
    "recall": 0.7386759581881533,
    "f1": 0.7386759581881533,
    "tp_count": 212,
    "fp_count": 75,
    "fn_count": 75,
    "fps": 12.1632528912435,
    "latency_ms": 82.21484901624584
  },
  "gap_1": {
    "config_name": "gap_1",
    "use_tracker": true,
    "frame_gap": 1,
    "mAP50": 0.6789828072844541,
    "precision": 0.7386759581881533,
    "recall": 0.7386759581881533,
    "f1": 0.7386759581881533,
    "tp_count": 212,
    "fp_count": 75,
    "fn_count": 75,
    "fps": 12.978450817859397,
    "latency_ms": 77.05079859176406
  },
  "gap_2": {
    "config_name": "gap_2",
    "use_tracker": true,
    "frame_gap": 2,
    "mAP50": 0.6636159266764369,
    "precision": 0.75,
    "recall": 0.7212543554006968,
    "f1": 0.7353463587921846,
    "tp_count": 207,
    "fp_count": 69,
    "fn_count": 80,
    "fps": 16.39432740247984,
    "latency_ms": 60.996707913051566
  },
  "gap_3": {
    "config_name": "gap_3",
    "use_tracker": true,
    "frame_gap": 3,
    "mAP50": 0.6268311226292886,
    "precision": 0.7406015037593985,
    "recall": 0.686411149825784,
    "f1": 0.7124773960216998,
    "tp_count": 197,
    "fp_count": 69,
    "fn_count": 90,
    "fps": 17.623268966787656,
    "latency_ms": 56.74316166226445
  },
  "gap_5": {
    "config_name": "gap_5",
    "use_tracker": true,
    "frame_gap": 5,
    "mAP50": 0.5824526033568516,
    "precision": 0.6984732824427481,
    "recall": 0.6376306620209059,
    "f1": 0.6666666666666666,
    "tp_count": 183,
    "fp_count": 79,
    "fn_count": 104,
    "fps": 19.69886593541353,
    "latency_ms": 50.76434365707598
  },
  "gap_10": {
    "config_name": "gap_10",
    "use_tracker": true,
    "frame_gap": 10,
    "mAP50": 0.5889004601646949,
    "precision": 0.7131474103585658,
    "recall": 0.6236933797909407,
    "f1": 0.6654275092936803,
    "tp_count": 179,
    "fp_count": 72,
    "fn_count": 108,
    "fps": 21.010730556459517,
    "latency_ms": 47.594727718430576
  }
}